"id","name","itemId"
"2e22fcab-6896-4999-bcb8-3eae746250c7","Avinash","8c8257d0-878a-473e-a9d1-e3e3a73af043"
"2f066ce2-180a-4c71-a910-a4b48c7a2628","Samir","8c8257d0-878a-473e-a9d1-e3e3a73af043"
"3a15ea2f-ac58-4668-97aa-7f71e2c04a53","Price-Ace","c18c0ba0-0833-46d4-91cb-4239dfa99618"
"45b49cb2-e84a-4aea-b5da-ff2c8950854d","Amrita","8c8257d0-878a-473e-a9d1-e3e3a73af043"
"4bb6ed3f-0c39-4bf2-84e6-bffeb42c110a","Bank","026bb992-ae5f-4e05-9081-7e927ff1d472"
"513ccec2-2702-455c-8e17-caac1cdb996b","Bishal","8c8257d0-878a-473e-a9d1-e3e3a73af043"
"5a7480bd-edf0-4e7d-ad44-4bed5b503409","Rupali","8c8257d0-878a-473e-a9d1-e3e3a73af043"
"9aecf87c-0b29-4cfb-ac11-8ed2d3bfb28d","Jiya","8c8257d0-878a-473e-a9d1-e3e3a73af043"
"c48bb4c9-b68b-4bb0-b0e7-ca68b700e4ae","Duhali","8c8257d0-878a-473e-a9d1-e3e3a73af043"
"eac99b52-9176-4c2b-83c1-07b935bd3fef","Shorif","8c8257d0-878a-473e-a9d1-e3e3a73af043"
"f0f9c94d-1cdd-4f05-a5aa-cd93470b1f11","prince_kk","c331abe1-e7aa-4d31-9f10-11b98219cb66"
"ff69c084-d0dc-411b-bb1e-3e9ad0db7af2","Price_Boss","16dc607d-b4b3-4744-a148-7f035e889288"